WKT,networkGrp
"LINESTRING (7631552.98513286 12981873.4086055,7631508.6383546 12981925.4165236,7631353.65745329 12982115.6711832,7631261.50838537 12982228.801282,7631122.69862515 12982399.1254754,7631114.42206264 12982409.2957066,7631016.84465361 12982529.141525,7630946.59055964 12982615.3912551,7630909.09089641 12982661.4203029,7630851.64024578 12982731.9297282,7630763.76795745 12982839.7926394,7630694.14772226 12982925.2253258,7630688.34819965 12982932.3381421,7630266.36265003 12983450.2186183,7630252.40673604 12983467.4793193,7630168.01751099 12983571.558544,7630028.99582481 12983743.004347,7629824.12757702 12983995.6500753,7629818.19181214 12984002.9780219,7629660.80442048 12984192.0284673,7629555.15535115 12984318.9196799,7629473.20933793 12984417.3404909,7629316.24100853 12984605.8247654)",
"LINESTRING (7629613.49295464 12979886.331962,7629811.32782311 12980107.3812954)",
"LINESTRING (7631871.24659849 12980419.8351093,7631918.92060028 12980445.3395264,7631962.75963077 12980437.2267884,7632018.90937904 12980423.0539509,7632141.79387149 12980396.5627549,7632160.19104918 12980398.6631441,7632176.39132879 12980408.1230182,7631983.84253212 12980667.8349479,7631973.10513244 12980677.0034158,7631958.3256221 12980680.4706658,7631944.8531636 12980677.7963886,7631929.41167732 12980627.6244725,7631894.28481024 12980487.8316524,7631886.39284196 12980467.5404465,7631862.93114054 12980441.1028351)",
"LINESTRING (7630630.40384625 12985369.1029241,7630948.87274042 12984866.4580087,7630954.76998155 12984856.8221021,7631276.30258181 12984331.0549254,7631288.52618291 12984311.1255865,7631470.20106876 12984015.602909,7631636.98372553 12983744.2593768,7631814.52837929 12983460.004466,7631884.26129609 12983348.3692119,7631966.5297283 12983215.8640264,7631976.50755229 12983199.5297964,7632298.12434196 12982672.330011,7632337.40108691 12982607.2162924)",
"LINESTRING (7629588.64715736 12979905.9111449,7629251.62329948 12979537.3617746)",
"LINESTRING (7626236.11047205 12984748.672786,7626248.72879508 12984728.014808,7626810.92077478 12983822.9989505,7627136.76764347 12983294.8930616,7627164.29142689 12983249.7396171,7627502.24037609 12982685.2631193,7627818.38050368 12982179.1019827,7627823.24124046 12982171.3345681,7628046.52670276 12981813.7212535,7628153.75883302 12981641.9402799,7628224.30146864 12981555.4841292,7628241.98062104 12981533.8262884,7628323.80174083 12981431.8407972,7628659.98433748 12981021.110145,7628741.73359518 12980921.235869,7628827.17913895 12980816.4828893,7628959.79400631 12980653.8844483,7629164.8756562 12980402.7800554,7629176.09007442 12980388.9807102,7629256.64643226 12980289.895689,7629347.15206682 12980178.8964776,7629371.81809852 12980148.6572724)",
"LINESTRING (7629555.42292388 12979969.258222,7629678.68078694 12979889.3709836)",
"LINESTRING (7630150.25965249 12980507.5006395,7630107.66406083 12980484.4922252)",
"LINESTRING (7629796.62595886 12980152.3413531,7629754.77037886 12980116.6644141,7629712.14695821 12980087.2547662,7629674.95201465 12980067.554025,7629640.06181752 12980057.087423,7629608.93969511 12980042.4096243,7629566.49312615 12980023.8114814,7629529.79170165 12979982.9035651,7629517.91990807 12979931.3750117)",
"LINESTRING (7629797.45731394 12980119.850185,7629588.64715736 12979905.9111449)",
"LINESTRING (7629811.32782311 12980107.3812954,7630169.38088003 12980490.7806002,7630500.12351374 12980850.7416207)",
"LINESTRING (7629239.55292414 12979423.7979692,7629305.07521377 12979374.9964651,7629308.04512207 12979372.7755411,7629366.45979926 12979342.6636147,7629377.63298431 12979336.900378,7629471.43885884 12979316.9772419,7629608.02433466 12979304.3034608,7629697.96565034 12979314.5238954,7629807.59312276 12979340.0434555,7629828.19980583 12979348.4373175,7629878.6565597 12979368.4139967)",
"LINESTRING (7630232.45672233 12980531.6053662,7630507.51423579 12980816.824376,7630878.72017301 12981205.8767275,7630902.94794669 12981230.6475827,7631299.55153241 12981636.3554289,7631552.98513286 12981873.4086055,7631894.95914312 12982193.2935963,7631907.18759757 12982204.7361315,7631912.71482976 12982209.8939004,7632248.47443276 12982524.0187648,7632337.40108691 12982607.2162924,7632357.04525652 12982625.4286476,7632482.66911959 12982741.3478732)",
"LINESTRING (7631269.22124885 12979968.0764544,7631288.68214203 12979983.3897719,7631505.23386211 12980145.6211418,7631871.24659849 12980419.8351093)",
"LINESTRING (7630778.22246382 12979607.2212888,7630749.35556614 12979619.6148072,7630706.11693564 12979627.3807774,7630203.86470581 12979754.5824427,7630192.73591932 12979752.65028,7630190.04279871 12979744.0034387,7630194.72481499 12979736.4791279,7630206.03225116 12979728.8006486)",
"LINESTRING (7629950.50670796 12979020.2024139,7629867.77671715 12979242.2463253)",
"LINESTRING (7629517.91990807 12979931.3750117,7629524.0988037 12979900.1795181,7629561.80253706 12979849.0214462,7629615.59211354 12979823.6225593)",
"LINESTRING (7630203.00961111 12980589.7591994,7630079.06598009 12980740.5308632,7630053.52850132 12980771.9859874,7629893.17400927 12980969.5016435,7629807.26803469 12981072.8300138,7629797.32142017 12981084.8019852,7629616.95570643 12981302.5941189,7629589.36672898 12981336.2730009,7629524.73108783 12981415.1330677,7629373.64653871 12981599.4766907,7629281.12533602 12981712.3704307,7629185.06555077 12981829.5585838,7629149.32905173 12981873.1585801,7629101.98356633 12981930.9336689,7629071.2230099 12981968.4553165,7628948.30404129 12982118.4084723,7628934.68508042 12982147.7815658,7628821.63487448 12982284.7134198,7628728.60181921 12982397.3666974,7628613.84204809 12982536.3542702,7628230.479645 12983133.6371361,7628172.78753574 12983227.029455,7628115.19667398 12983320.2201418,7628048.21121108 12983428.6225441,7628042.80399737 12983437.3693059,7628016.02091734 12983482.4666957,7627979.74718516 12983544.8081895,7627893.5414567 12983687.4343037)",
"LINESTRING (7629582.81530079 12982744.0165739,7629611.24621512 12982732.6297048,7629627.62095517 12982713.7128203,7629731.04877478 12982588.2458017,7629828.88706627 12982469.5839243,7629993.75003459 12982269.560892,7630417.60733381 12981753.6652269,7630426.09361329 12981743.4391274,7630647.68645494 12981476.0896725,7630818.22996499 12981269.1204882,7630878.72017301 12981205.8767275)",
"LINESTRING (7632100.01000347 12977873.5414235,7632348.30609818 12978916.9356868,7632358.15353724 12978958.3190917,7632732.10409897 12980531.1627052,7632765.31840592 12980670.9679379,7633002.22935527 12981668.5081027,7633248.80287841 12982707.4780495,7633258.41940428 12982748.0333687)",
"LINESTRING (7633248.80287841 12982707.4780495,7633190.73210739 12982741.7412934,7633130.07671908 12982774.4126156,7633075.12250226 12982761.3227337,7633020.50239141 12982730.8285095,7632992.58353318 12982694.0734221,7632779.44533257 12981842.2811767,7632765.51992781 12981786.6650548,7632688.74686889 12981480.0328218,7632663.94691457 12981377.646522,7632597.17448739 12981113.7050095,7632495.33246299 12980661.9193113,7632482.09997106 12980603.2986017,7632475.08514551 12980573.6179291,7632095.4697397 12978968.9466299,7632079.67151054 12978902.230385,7631908.76671334 12978180.4876964,7631874.34640855 12978035.1854985,7631892.76662779 12977969.371544,7631932.3844097 12977911.2919801,7631995.83403936 12977876.8273815,7632100.01000347 12977873.5414235)",
"LINESTRING (7632732.10409897 12980531.1627052,7632712.91705962 12980581.6724851,7632685.73589449 12980615.9157633,7632631.20927022 12980631.1607371,7632495.33246299 12980661.9193113)",
"LINESTRING (7632765.31840592 12980670.9679379,7632729.66110969 12980633.4130487,7632703.90714635 12980621.3246148,7632685.73589449 12980615.9157633)",
"LINESTRING (7631887.77675548 12980451.0997457,7631918.92060028 12980445.3395264,7631962.75963077 12980437.2267884,7632018.90937904 12980423.0539509,7632141.79387149 12980396.5627549,7632160.19104918 12980398.6631441,7632176.39132879 12980408.1230182,7631983.84253212 12980667.8349479,7631973.10513244 12980677.0034158,7631958.3256221 12980680.4706658,7631944.8531636 12980677.7963886,7631929.41167732 12980627.6244725,7631894.28481024 12980487.8316524,7631887.77675548 12980451.0997457)",
"LINESTRING (7631031.31625171 12976419.3176109,7631183.0880044 12976530.432264,7631212.09928862 12976551.5309533,7631501.92673172 12976761.1800096,7631471.98955144 12976793.45235,7631417.33156958 12976849.9927296,7631333.64171212 12976947.9553671,7631259.85959584 12977048.815273,7631242.31136448 12977077.6157095,7630959.19352141 12976873.1283214,7630940.60509002 12976859.7105037,7630789.18678062 12976750.346093,7630801.28370509 12976733.7561955,7631004.23422861 12976452.0038462,7631031.31625171 12976419.3176109)",
"LINESTRING (7632482.66911959 12982741.3478732,7632546.33350023 12982817.0929242)",
"LINESTRING (7633010.84251903 12983300.512753,7632839.7541361 12983158.6641976,7632707.95030883 12983036.3910818,7632483.77918326 12982829.0379766)",
"LINESTRING (7632483.77918326 12982829.0379766,7632399.69838362 12982766.0866598)",
"LINESTRING (7632546.33350023 12982817.0929242,7632746.09063508 12983000.3932003,7632910.88482344 12983152.02303,7633073.88493806 12983320.5710494)",
"LINESTRING (7632182.09094236 12982564.1589943,7632107.32927366 12982478.4918391)",
"LINESTRING (7631643.2995892 12981991.5356702,7631807.98207725 12982128.3439415,7632154.58233101 12982452.5873738)",
"LINESTRING (7632154.58233101 12982452.5873738,7632248.47443276 12982524.0187648)",
"LINESTRING (7632107.32927366 12982478.4918391,7631757.16796124 12982146.5423975,7631559.97865658 12981946.9443564)",
"LINESTRING (7631269.22124885 12979968.0764544,7631647.59704805 12979358.0144495,7631660.84299986 12979336.6509612,7631678.4466599 12979306.2962651,7631693.4553794 12979281.9212921,7631723.02462324 12979233.8910744,7631828.15017638 12979086.9148992,7631924.34541075 12978968.2617102)",
"LINESTRING (7632528.8185239 12982298.1004268,7633540.81014787 12980663.1467532,7634457.82513298 12979180.6409856)",
"LINESTRING (7628975.10995543 12979063.0699737,7629083.96598922 12979230.1537733,7629130.42444108 12979295.4698037,7629207.19896429 12979390.6505989,7629214.26523158 12979398.4002642,7629223.44223964 12979407.6139743,7629239.55292414 12979423.7979692,7629251.26766548 12979437.2279661,7629297.8612853 12979489.9922278,7629457.82997006 12979667.3137818,7629641.99123036 12979888.6373501)",
"LINESTRING (7630206.03225116 12979728.8006486,7630388.65150603 12979684.6791498,7630565.26869975 12979642.0164407,7630731.07452405 12979601.9472168,7630761.46642375 12979594.7608694)",
"LINESTRING (7630484.41161019 12980870.4523729,7630150.25965249 12980507.5006395)",
"LINESTRING (7629981.58907316 12980227.1380188,7630108.07594096 12980364.4224212,7630152.01861064 12980411.1048898,7630200.12592716 12980483.0666743,7630232.45672233 12980531.6053662)",
"LINESTRING (7629687.15169773 12979942.9284576,7629635.20048211 12979980.1160455,7629539.79144281 12980055.1967828,7629492.05673654 12980101.1668712,7629423.85365107 12980166.8386514,7629373.82699669 12980192.0700839)",
"LINESTRING (7629576.87469197 12980003.7275031,7629486.27404258 12980070.5144274,7629418.80822434 12980136.7391942,7629373.82699669 12980192.0700839)",
"LINESTRING (7631912.71482976 12982209.8939004,7631865.06865133 12982263.4718807,7631734.34580502 12982422.1953147,7631679.64753702 12982489.5706384,7631476.87779755 12982731.1320383,7631467.30486567 12982742.5317936,7631429.90264047 12982789.0051229,7630992.43517005 12983329.0512967,7630619.10992609 12983781.3436842,7630605.47257618 12983797.8431601,7630540.17326047 12983879.7072578,7630462.11422276 12983977.5790098,7630180.61135343 12984331.439885,7630174.48657551 12984339.1409161,7629988.92090265 12984567.5598496,7629903.52885183 12984672.6671954,7629767.52218574 12984848.1515288,7629751.96056113 12984874.985568)",
"LINESTRING (7629371.81809852 12980148.6572724,7629398.36553683 12980116.1035553,7629467.50429716 12980043.0078265,7629555.42292388 12979969.258222)",
"LINESTRING (7629578.25790344 12979924.2005399,7629641.99123036 12979888.6373501)",
"LINESTRING (7629578.25790344 12979924.2005399,7629521.74799219 12979868.7248114,7629443.04914398 12979785.3882912,7629380.95359342 12979718.2256414,7629370.7902953 12979707.2293524,7629364.49139334 12979700.4086087,7629166.40508126 12979486.2005244,7629162.21072747 12979481.6692849,7629013.82572686 12979289.0756113)",
"LINESTRING (7630150.46463148 12980446.0322781,7630159.03434641 12980466.2894823,7630169.38088003 12980490.7806002)",
"LINESTRING (7629837.16462803 12980189.7802601,7629796.62595886 12980152.3413531)",
"LINESTRING (7629641.99123036 12979888.6373501,7629687.15169773 12979942.9284576)",
"LINESTRING (7629641.99123036 12979888.6373501,7629700.74444581 12979852.4984306,7629832.08771658 12979760.6062727,7629892.96015803 12979732.2260981,7629917.67899033 12979718.5567744,7629934.00267054 12979709.5165722,7630023.76907336 12979659.8703475,7630118.95244442 12979552.3813924,7630181.50185421 12979448.6250619,7630312.74526247 12979169.9881536)",
"LINESTRING (7630312.74526247 12979169.9881536,7630402.16009235 12978963.6694726,7630434.41404227 12978881.6059569)",
"LINESTRING (7630914.83785114 12977781.895448,7631021.28768821 12977544.8322921,7631136.00063588 12977271.1426667,7631195.31246017 12977154.7545361,7631242.31136448 12977077.6157095,7631259.85959584 12977048.815273,7631333.64171212 12976947.9553671,7631417.33156958 12976849.9927296,7631471.98955144 12976793.45235,7631501.92673172 12976761.1800096,7631521.36810589 12976742.3890692,7631636.65229347 12976641.1689782,7631696.28588423 12976597.6626147,7631770.13193406 12976551.1951536,7631856.08682459 12976497.8402917,7631899.75584407 12976474.3796974,7631961.7822904 12976441.0395816,7631999.46957666 12976425.1820264,7632011.19980523 12976420.0759701,7632053.54331946 12976402.4395228,7632141.9219528 12976363.0355288,7632258.60547353 12976324.1871893,7632455.44992649 12976261.8235464,7632479.17743812 12976252.565941,7632596.17314867 12976206.9324354,7632613.44990315 12976202.2000296,7632776.51979312 12976157.4568833)",
"LINESTRING (7631255.90517324 12979991.9577113,7631062.80693117 12979850.0180727,7630749.35556614 12979619.6148072,7630731.07452405 12979601.9472168,7630694.6392472 12979562.5083845,7630665.21958051 12979498.8525876,7630660.75886456 12979486.7696341,7630499.05804484 12979048.1735832)",
"LINESTRING (7629729.81977578 12984861.2935735,7629765.19803401 12984814.4640645,7629905.0957337 12984642.3296171,7630161.47381098 12984326.8061921,7630167.56470674 12984319.1594791,7630526.10347512 12983869.5621774,7630592.80235466 12983785.9124307,7630607.02265097 12983769.9648371,7631024.1154209 12983255.3957933,7631099.66861309 12983162.1516942,7631190.68160809 12983049.8631625,7631291.29552418 12982925.700145,7631414.84455738 12982773.2151438,7631451.58329405 12982727.6295139,7631461.01745123 12982716.2753293,7631569.31956303 12982586.1281518,7631663.33291428 12982472.9615971,7631727.55513713 12982395.6449015,7631849.55802182 12982248.7596562,7631894.95914312 12982193.2935963)",
"LINESTRING (7632735.36553889 12984211.0697182,7632838.49865768 12984042.7822913,7632852.1839027 12984020.6447096,7633081.19714227 12983650.1797535,7633098.27418083 12983621.1775083,7633181.03378852 12983480.6585754,7633222.68118699 12983416.3266307,7633307.81463519 12983266.1380824,7633410.84064273 12983114.3260359,7633516.23826867 12982982.8658775,7633611.89370513 12982890.7842194,7633699.20491793 12982792.3899439,7633770.76884787 12982690.9560559,7634025.83633133 12982105.5454377,7634191.14013073 12981845.8284476,7634778.76024179 12980906.0570494,7635443.38972561 12979832.8099983,7635531.20219072 12979684.5770732,7635540.99901985 12979669.2879388,7635681.39481808 12979450.4454324,7635841.22104996 12979187.7734943)",
"LINESTRING (7628652.17159053 12980827.2127803,7628719.87992533 12980784.8544587,7628747.18263871 12980778.9815773,7628787.8884665 12980786.7278496,7628827.17913895 12980816.4828893,7628959.79400631 12980653.8844483,7628769.4317526 12980457.0504299,7628747.56251215 12980483.7134251,7628575.87715298 12980701.251003,7628555.17582199 12980725.3618964,7628652.17159053 12980827.2127803)",
"LINESTRING (7629139.70220078 12980003.4219659,7629264.41992994 12980108.9238076,7629347.15206682 12980178.8964776)",
"LINESTRING (7629264.41992994 12980108.9238076,7629419.54434792 12979937.5023941,7629295.87147463 12979810.4653878,7629267.73561925 12979845.6465041,7629139.70220078 12980003.4219659,7629264.41992994 12980108.9238076)",
"LINESTRING (7629139.70220078 12980003.4219659,7629264.41992994 12980108.9238076,7629347.15206682 12980178.8964776,7629256.64643226 12980289.895689,7629190.07036004 12980230.2587739,7629173.30328297 12980249.1172826,7629140.2394362 12980221.4731946,7629083.38111429 12980288.5475753,7628990.39691064 12980187.8143559,7629139.70220078 12980003.4219659)",
"LINESTRING (7629140.2394362 12980221.4731946,7629173.30328297 12980249.1172826,7629190.07036004 12980230.2587739,7629256.64643226 12980289.895689,7629176.09007442 12980388.9807102,7629083.38111429 12980288.5475753,7629140.2394362 12980221.4731946)",
"LINESTRING (7628769.4317526 12980457.0504299,7628959.79400631 12980653.8844483,7629164.8756562 12980402.7800554,7629071.43051514 12980301.191294,7628979.48353061 12980201.2728714,7628769.4317526 12980457.0504299)",
"LINESTRING (7629503.08101379 12980767.5756193,7629322.23526777 12980974.6502703,7629288.06076989 12981019.6195668,7628976.21095632 12980687.7857563,7629186.70098416 12980426.6140916,7629503.08101379 12980767.5756193)",
"LINESTRING (7629503.08101379 12980767.5756193,7629322.23526777 12980974.6502703,7629616.95570643 12981302.5941189,7629797.32142017 12981084.8019852,7629503.08101379 12980767.5756193)",
"LINESTRING (7629425.45797124 12980659.131933,7629725.90834865 12980359.8506685,7629492.05673654 12980101.1668712,7629423.85365107 12980166.8386514,7629373.82699669 12980192.0700839,7629197.89718085 12980412.5960842,7629425.45797124 12980659.131933)",
"LINESTRING (7629725.90834865 12980359.8506685,7630079.06598009 12980740.5308632,7630053.52850132 12980771.9859874,7629893.17400927 12980969.5016435,7629807.26803469 12981072.8300138,7629425.45797124 12980659.131933,7629725.90834865 12980359.8506685)",
"LINESTRING (7630302.65127807 12978522.0479192,7630229.22658279 12978558.9275184,7630047.14683567 12978762.373217,7629835.78906538 12978849.9425319,7629803.1535246 12979034.4789379,7629839.02037165 12979033.0561237,7629921.02593282 12979030.6471642,7629950.50670796 12979020.2024139,7630013.49758705 12978985.3543509,7630049.3487699 12978964.3852321,7630121.34758815 12978922.2535842,7630176.99206564 12978869.5706572,7630369.31291807 12978692.1168882,7630302.65127807 12978522.0479192)",
"LINESTRING (7630049.3487699 12978964.3852321,7630097.16483035 12979090.2631578,7630402.16009235 12978963.6694726,7630434.41404227 12978881.6059569,7630369.31291807 12978692.1168882,7630176.99206564 12978869.5706572,7630121.34758815 12978922.2535842,7630049.3487699 12978964.3852321)",
"LINESTRING (7629835.78906538 12978849.9425319,7629831.10663789 12978810.2408513,7629812.52760781 12978652.641969,7629667.55994711 12978499.8808345,7630093.4803483 12977927.8518651,7630202.77541798 12978230.6468918,7630302.65127807 12978522.0479192,7630229.22658279 12978558.9275184,7630047.14683567 12978762.373217,7629835.78906538 12978849.9425319)",
"LINESTRING (7630049.3487699 12978964.3852321,7630097.16483035 12979090.2631578,7630402.16009235 12978963.6694726,7630312.74526247 12979169.9881536,7630181.50185421 12979448.6250619,7630118.95244442 12979552.3813924,7630023.76907336 12979659.8703475,7629934.00267054 12979709.5165722,7629917.67899033 12979718.5567744,7629892.96015803 12979732.2260981,7629832.08771658 12979760.6062727,7629700.74444581 12979852.4984306,7629641.99123036 12979888.6373501,7629457.82997006 12979667.3137818,7629297.8612853 12979489.9922278,7629251.26766548 12979437.2279661,7629239.55292414 12979423.7979692,7629223.44223964 12979407.6139743,7629214.26523158 12979398.4002642,7629207.19896429 12979390.6505989,7629130.42444108 12979295.4698037,7629083.96598922 12979230.1537733,7629267.09099685 12979005.469272,7629366.09140229 12978919.0442257,7629467.45581585 12978845.7274857,7629597.7476195 12978835.8542378,7629668.03502667 12978836.2151672,7629777.7393963 12978827.2824271,7629831.10663789 12978810.2408513,7629835.78906538 12978849.9425319,7629803.1535246 12979034.4789379,7629839.02037165 12979033.0561237,7629921.02593282 12979030.6471642,7629950.50670796 12979020.2024139,7630013.49758705 12978985.3543509,7630049.3487699 12978964.3852321)",
"LINESTRING (7629917.67899033 12979718.5567744,7629876.79903577 12979685.2440246,7629849.39040328 12979666.7948635,7629818.60983343 12979633.7006793,7629794.96661135 12979603.6350143,7629750.98878641 12979572.7853344,7629677.79469746 12979550.9598066,7629597.77970603 12979559.0627319,7629589.66889289 12979559.7616173,7629563.28657356 12979562.0332491,7629537.64932473 12979547.4748899,7629480.98283294 12979485.6914943)",
"LINESTRING (7630030.55337646 12979530.3482833,7629964.99026854 12979471.5442791,7629957.76521401 12979464.2606742,7629956.18294502 12979459.6779081,7629971.4424764 12979440.6120514)",
"LINESTRING (7629849.39040328 12979666.7948635,7629840.37663809 12979711.412034,7629814.78256148 12979738.044223,7629768.5437507 12979753.2236386,7629699.58261206 12979747.9895089,7629648.46991722 12979730.840218,7629615.75685592 12979709.7867739,7629580.48123703 12979679.4526817,7629554.644385 12979641.7487533,7629550.58577823 12979614.8086369,7629559.22117672 12979596.4644397,7629567.30695886 12979584.1079302,7629573.49542208 12979574.6587445,7629589.66889289 12979559.7616173)",
"LINESTRING (7629271.19560492 12979319.2379031,7629290.60294586 12979292.2641783,7629308.01103416 12979270.4886363,7629315.18010743 12979261.5184223,7629387.05521355 12979171.5533816,7629482.94469411 12979093.3621082,7629656.18390129 12979040.3064536,7629803.1535246 12979034.4789379,7629839.02037165 12979033.0561237,7629921.02593282 12979030.6471642,7629950.50670796 12979020.2024139,7630013.49758705 12978985.3543509,7630049.3487699 12978964.3852321,7630121.34758815 12978922.2535842,7630176.99206564 12978869.5706572,7630369.31291807 12978692.1168882)",
"LINESTRING (7629368.22685094 12979448.6868394,7629405.67169858 12979493.6113514,7629444.6194142 12979480.9989928,7629518.8585516 12979465.4791689,7629594.53666662 12979460.4798721,7629641.54152181 12979465.6891928,7629649.12331931 12979467.2229854,7629647.87909045 12979469.8962255,7629641.77481845 12979486.1232159,7629687.84417221 12979491.5604428,7629692.72952264 12979478.5686199,7629693.97422156 12979476.1782212,7629731.17636394 12979483.9911905,7629731.53856992 12979491.8461948,7629736.9744008 12979505.5143405,7629746.59446868 12979516.6053873,7629759.31560496 12979523.917863,7629773.47810514 12979526.645095,7629787.78443526 12979524.6390533,7629800.70043022 12979518.1319792,7629807.95663746 12979510.7595533,7629817.76072778 12979514.4295684,7629848.93256091 12979534.2396137,7629836.73780997 12979555.965413,7629814.31767509 12979572.8546207,7629831.36670837 12979597.7431091,7629847.09518248 12979584.9793387,7629865.87401273 12979565.8242485,7629872.93751331 12979551.8134173,7629916.13223435 12979584.4549956,7629945.88284496 12979617.3977509,7629993.54300059 12979574.1251168,7629970.83570294 12979550.3880668,7629964.35934183 12979535.130078,7629951.43662779 12979523.8867288,7629940.36629607 12979518.6000056,7629888.72993907 12979479.1054669,7629887.32803953 12979463.6329636,7629879.15801758 12979439.2208466,7629862.43362762 12979414.5540878,7629836.39186882 12979436.5562134,7629845.63672388 12979445.9818801,7629852.46006182 12979457.6686879,7629810.07041762 12979438.3396978,7629752.51074516 12979419.1797192,7629743.55120137 12979376.3616448,7629712.35898569 12979390.6183771,7629697.01221166 12979401.2455777,7629695.51494906 12979400.7095978,7629635.95524951 12979391.0050953,7629598.78508535 12979393.4224526,7629468.77494259 12979406.2672734,7629397.99211547 12979430.3422989,7629368.22685094 12979448.6868394)",
"LINESTRING (7635540.42105509 12979690.4432587,7635531.20219072 12979684.5770732,7634564.32053596 12979088.744623,7634529.06952833 12979065.4457996,7632923.73175306 12978072.8972356,7632888.12725295 12978050.8928667,7632554.34964806 12977844.5868478,7632278.10523256 12977677.9774749,7632206.11192782 12977656.9242558,7632097.49919699 12977676.1847143,7631929.48486446 12977719.5004468,7631754.1841305 12977774.8217471,7631602.11918915 12977865.607728,7631506.02783772 12977946.897573,7631432.10411467 12978028.0078753,7631246.62172966 12978317.4635922,7630929.04738809 12978843.0212019,7630915.94187293 12978864.0909879)",
"LINESTRING (7631597.28580164 12977284.188501,7631277.21169517 12977097.9333677,7631242.31136448 12977077.6157095,7630959.19352141 12976873.1283214,7630940.60509002 12976859.7105037)",
"LINESTRING (7630565.26869975 12979642.0164407,7630617.25075487 12979593.9257146,7630645.69839357 12979533.4901021,7630660.75886456 12979486.7696341)",
,
"LINESTRING (7635357.59635989 12979253.0641219,7635681.39481808 12979450.4454324,7635540.99901985 12979669.2879388,7635365.17162369 12979559.8680774,7635223.29412061 12979471.454082,7635357.59635989 12979253.0641219)",
"LINESTRING (7630053.52850132 12980771.9859874,7630221.62875709 12980925.4177841,7630354.91580834 12980757.4855932,7630203.00961111 12980589.7591994,7630079.06598009 12980740.5308632,7630053.52850132 12980771.9859874)",
"LINESTRING (7630221.62875709 12980925.4177841,7630197.23204075 12980955.002768,7630065.99063343 12981114.177121,7629893.17400927 12980969.5016435,7630053.52850132 12980771.9859874,7630221.62875709 12980925.4177841)",
"LINESTRING (7630065.99063343 12981114.177121,7629960.11380062 12981238.4487597,7629807.26803469 12981072.8300138,7629893.17400927 12980969.5016435,7630065.99063343 12981114.177121)",
"LINESTRING (7630524.93564031 12980945.2407884,7630388.94804533 12981122.6371263,7630325.57704866 12981205.712294,7630477.92495349 12981333.6019146,7630647.68645494 12981476.0896725,7630818.22996499 12981269.1204882,7630524.93564031 12980945.2407884)",
"LINESTRING (7629589.36672898 12981336.2730009,7629747.3037108 12981515.9841507,7629894.3180302 12981684.7196177,7630108.54740748 12981422.8871052,7629797.32142017 12981084.8019852,7629616.95570643 12981302.5941189,7629589.36672898 12981336.2730009)",
"LINESTRING (7630197.23204075 12980955.002768,7630388.94804533 12981122.6371263,7630524.93564031 12980945.2407884,7630354.91580834 12980757.4855932,7630221.62875709 12980925.4177841,7630197.23204075 12980955.002768)",
"LINESTRING (7630388.94804533 12981122.6371263,7630325.57704866 12981205.712294,7630223.19901747 12981327.4789807,7630136.30280027 12981429.3712673,7630126.42655814 12981418.3031841,7630119.06072661 12981410.0420269,7629960.11380062 12981238.4487597,7630065.99063343 12981114.177121,7630197.23204075 12980955.002768,7630388.94804533 12981122.6371263)",
"LINESTRING (7630226.13162581 12981526.727009,7630324.36847596 12981407.8654973,7630385.16773996 12981454.9002354,7630477.92495349 12981333.6019146,7630647.68645494 12981476.0896725,7630426.09361329 12981743.4391274,7630226.13162581 12981526.727009)",
"LINESTRING (7630324.36847596 12981407.8654973,7630223.19901747 12981327.4789807,7630136.30280027 12981429.3712673,7630226.13162581 12981526.727009,7630324.36847596 12981407.8654973)",
"LINESTRING (7630609.04593913 12981566.3530685,7630883.9097977 12981797.1057197,7630988.90909119 12981668.3163226,7631060.40520873 12981733.8332372,7631169.2145905 12981603.5274518,7630842.03078525 12981291.7412904,7630609.04593913 12981566.3530685)",
"LINESTRING (7631060.40520873 12981733.8332372,7630908.52665645 12981922.9806549,7630781.85518515 12982079.6807074,7630445.29969425 12981764.2572444,7630609.04593913 12981566.3530685,7630883.9097977 12981797.1057197,7630988.90909119 12981668.3163226,7631060.40520873 12981733.8332372)",
"LINESTRING (7630908.52665645 12981922.9806549,7631261.50838537 12982228.801282,7631353.65745329 12982115.6711832,7631508.6383546 12981925.4165236,7631169.2145905 12981603.5274518,7631060.40520873 12981733.8332372,7630908.52665645 12981922.9806549)",
"LINESTRING (7632877.41963386 12984079.6921411,7632848.57800082 12984052.3262799,7632838.49865768 12984042.7822913,7632381.33709393 12983609.2088234,7632360.56433704 12983589.514601,7632244.83330859 12983479.7667295,7632146.10017133 12983386.1379129,7632081.42564472 12983324.8185929,7631983.17263919 12983231.6631215,7631966.5297283 12983215.8640264,7631869.52141195 12983123.9019539,7631763.32518752 12983023.2020049,7631749.92049817 12983010.4959382,7631467.30486567 12982742.5317936,7631451.58329405 12982727.6295139,7631191.0666372 12982481.1071708,7631114.42206264 12982409.2957066,7631024.77143913 12982325.2758348,7630856.78900596 12982167.8734647,7630773.73556132 12982090.0607919,7630436.86307883 12981774.4389405,7630417.60733381 12981753.6652269,7630217.31114578 12981537.6678525,7630116.14591723 12981430.9162726,7630108.54740748 12981422.8871052,7629797.32142017 12981084.8019852,7629503.08101379 12980767.5756193,7629186.70098416 12980426.6140916,7629164.8756562 12980402.7800554,7629071.43051514 12980301.191294,7628979.48353061 12980201.2728714,7628972.80161519 12980194.0056269,7628717.25677775 12979916.2626891)",
"LINESTRING (7631849.55802182 12982248.7596562,7631727.55513713 12982395.6449015,7631651.67894371 12982337.3967649,7631588.53745115 12982402.8108173,7631478.06591483 12982299.3761423,7631671.97350585 12982080.3283943,7631849.55802182 12982248.7596562)",
"LINESTRING (7631596.07373245 12982409.8800147,7631508.12181203 12982525.010127,7631518.81755387 12982536.8564528,7631409.00737278 12982667.5139807,7631122.69862515 12982399.1254754,7631261.50838537 12982228.801282,7631353.65745329 12982115.6711832,7631433.83270923 12982189.2981566,7631589.85685221 12982002.4410606,7631671.97350585 12982080.3283943,7631478.06591483 12982299.3761423,7631588.53745115 12982402.8108173,7631596.07373245 12982409.8800147)",
"LINESTRING (7631353.65745329 12982115.6711832,7631433.83270923 12982189.2981566,7631589.85685221 12982002.4410606,7631508.6383546 12981925.4165236,7631353.65745329 12982115.6711832)",
"LINESTRING (7632106.07472918 12982492.0579579,7632007.16766275 12982601.2473394,7632142.57710168 12982733.0839524,7631979.1893237 12983001.3970326,7631879.95998561 12983109.0241947,7631774.5214927 12983010.154221,7631761.69584182 12982998.1482978,7631662.59479495 12982905.2281261,7631879.40666524 12982677.811644,7631679.64753702 12982489.5706384,7631734.34580502 12982422.1953147,7631865.06865133 12982263.4718807,7632106.07472918 12982492.0579579)",
"LINESTRING (7632007.16766275 12982601.2473394,7632142.57710168 12982733.0839524,7632246.10353898 12982624.8822083,7632182.09094236 12982564.1589943,7632106.07472918 12982492.0579579,7632007.16766275 12982601.2473394)",
"LINESTRING (7632246.10353898 12982624.8822083,7632298.12434196 12982672.330011,7631976.50755229 12983199.5297964,7631879.95998561 12983109.0241947,7631979.1893237 12983001.3970326,7632142.57710168 12982733.0839524,7632246.10353898 12982624.8822083)",
"LINESTRING (7632131.10679469 12982985.4528319,7632318.29446428 12983106.0991594,7632338.80231331 12983084.4821203,7632364.57253085 12983064.1256457,7632406.5698929 12983062.9663254,7632433.50081419 12983074.6898681,7632525.05940375 12983156.3921069,7632587.31898368 12983211.9612153,7632693.43919217 12983038.2129414,7632399.69838362 12982766.0866598,7632315.27787123 12982687.8789498,7632131.10679469 12982985.4528319)",
"LINESTRING (7634112.13862348 12980836.2758069,7635441.2111239 12981641.9375185)",
"LINESTRING (7631998.30782118 12979528.6497853,7631691.85108043 12979353.264985,7631660.84299986 12979336.6509612,7631131.63291302 12979000.6667291,7630931.46925566 12978873.5984328,7630915.94187293 12978864.0909879,7630892.61057498 12978849.8236878,7630614.9868186 12978679.9890022,7630587.83795705 12978663.3856726,7630558.20809763 12978647.6506773,7630550.10121565 12978643.3431465,7630534.47880379 12978631.3658379,7630422.16544104 12978545.329195,7630344.43276109 12978463.1320874,7630337.40322371 12978454.8230994,7630332.66202324 12978449.2182815,7630323.01509702 12978437.812163,7630293.00925085 12978397.4688135,7630274.16259212 12978368.5115855,7630263.67975552 12978352.3851881,7630236.53966123 12978295.5532121,7630202.77541798 12978230.6468918)",
"LINESTRING (7630630.02799781 12978643.3581142,7630906.58431734 12978828.0317709,7630929.04738809 12978843.0212019,7630944.48834578 12978853.341464,7631678.4466599 12979306.2962651,7631708.09437806 12979322.685631,7632011.27544366 12979509.2595376)",
"LINESTRING (7632011.27544366 12979509.2595376,7633390.93916763 12980352.422377)",
"LINESTRING (7633372.63973983 12980381.8301572,7631998.30782118 12979528.6497853)",
"LINESTRING (7634097.9835363 12980862.7440784,7633474.03215209 12980449.0526506,7633372.63973983 12980381.8301572)",
"LINESTRING (7633390.93916763 12980352.422377,7634112.13862348 12980836.2758069)",
"LINESTRING (7630902.94794669 12981230.6475827,7630842.03078525 12981291.7412904,7630609.04593913 12981566.3530685,7630445.29969425 12981764.2572444,7630436.86307883 12981774.4389405,7630229.66201505 12982027.5369511,7630001.46180292 12982304.8961657,7629796.76520351 12982553.6649823,7629649.03313767 12982733.1778316,7629639.68243691 12982757.99746,7629635.36995048 12982788.6134032)",
"LINESTRING (7632888.12725295 12978050.8928667,7632904.29764566 12978026.4806083,7633303.45472989 12977396.1883138,7633315.48183137 12977377.2639292,7633323.87906092 12977364.0730435,7633330.63926464 12977353.4449313,7633340.25201523 12977338.3337207,7633355.52660697 12977314.3613123)",
"LINESTRING (7630878.72017301 12981205.8767275,7630937.55790544 12981103.5709258,7631018.16367228 12980870.7360667,7631038.79010897 12980781.8452316)",
"LINESTRING (7631038.79010897 12980781.8452316,7631075.13942141 12980665.9547164)",
"LINESTRING (7631066.86688903 12980832.2649957,7630969.45028693 12981115.9246559,7630902.94794669 12981230.6475827)",
"LINESTRING (7631104.05214073 12980710.3541147,7631066.86688903 12980832.2649957)",
"LINESTRING (7632566.43174575 12978440.2558387,7632735.89808101 12978253.4717658,7632888.12725295 12978050.8928667)",
"LINESTRING (7631924.34541075 12978968.2617102,7632134.77272416 12978775.2915267,7632566.43174575 12978440.2558387)",
"LINESTRING (7634529.06952833 12979065.4457996,7634541.01609242 12979046.2004364,7634760.38851947 12978693.1408435,7634937.45191479 12978408.1505677,7634949.41353356 12978388.8755117)",
"LINESTRING (7634457.82513298 12979180.6409856,7634529.06952833 12979065.4457996)",
"LINESTRING (7632337.40108691 12982607.2162924,7632528.8185239 12982298.1004268)",
"LINESTRING (7632551.63776506 12982313.8387949,7632357.04525652 12982625.4286476)",
"LINESTRING (7631093.01161756 12977518.0846147,7631139.81810918 12977578.6043079,7631262.19457809 12977736.8578349,7631637.11173412 12978221.7055949,7631671.46380032 12978264.3003231)",
"LINESTRING (7631027.63117164 12977429.9325262,7631093.01161756 12977518.0846147)",
"LINESTRING (7631262.19457809 12977736.8578349,7631313.12096484 12977815.0893183,7631550.87627119 12978122.6022932,7631637.11173412 12978221.7055949)",
"LINESTRING (7631139.81810918 12977578.6043079,7631199.2887277 12977673.0702709,7631226.04258711 12977731.1476017,7631243.54937749 12977797.6054966,7631252.85212799 12977867.5727819,7631250.58431565 12977927.8034835,7631236.68206288 12977999.5077628,7631156.3999904 12978339.6750185)",
"LINESTRING (7634438.17055206 12978699.5950793,7634466.52647759 12978717.3026585,7634407.02902564 12978812.5224438,7634378.67363742 12978794.814471,7634438.17055206 12978699.5950793)",
"LINESTRING (7634392.594737 12978669.7286174,7634420.94211439 12978687.4495816,7634361.44555185 12978782.6687443,7634333.09871195 12978764.9473866,7634392.594737 12978669.7286174)",
"LINESTRING (7634345.96838639 12978640.7360236,7634374.31566171 12978658.4567816,7634314.81998038 12978753.675296,7634286.47324252 12978735.9541445,7634345.96838639 12978640.7360236)",
"LINESTRING (7634170.32506664 12978617.7380014,7634213.03822681 12978644.5047695,7634197.41523426 12978669.4166918,7634154.70228663 12978642.6497688,7634170.32506664 12978617.7380014)",
"LINESTRING (7630113.34773351 12979756.4749596,7630160.80100973 12979809.8556215,7630198.64806892 12979871.3712765,7630223.84884955 12979934.137403,7630252.24825313 12980018.2075664,7630293.99082313 12980242.1197765,7630308.02834627 12980280.8156392,7630327.76728245 12980317.6525261,7630352.64284136 12980350.2062227,7630391.71616143 12980386.6035499,7630415.6038567 12980411.4580856,7630440.82764071 12980445.4731008,7630460.0466437 12980464.5014981,7630489.11377217 12980476.3562027,7630570.75890793 12980484.3043801,7630601.62110297 12980483.9536742,7630643.70739727 12980468.937228,7630674.17212132 12980457.9180428,7630714.19246818 12980456.1814663,7630754.98280054 12980464.5155641,7630789.48082086 12980480.9747037,7630878.16684381 12980536.1737826,7630936.71411462 12980580.529562,7630965.48969344 12980608.8427202,7631087.81088241 12980755.7646699,7631109.42674559 12980786.2941976,7631158.1826314 12980877.0080942,7631233.09945048 12981030.222405,7631258.52462324 12981091.8489094,7631304.99551771 12981231.5275817,7631318.13739507 12981256.3519533,7631441.52866965 12981423.5327022,7631472.42505564 12981451.1002128,7631587.12446173 12981537.0846118,7631627.57774191 12981583.9302471,7631668.88101978 12981646.7062086,7631705.45385121 12981739.0168514,7631720.95578285 12981788.6512607,7631724.1874529 12981822.728364,7631718.37989238 12981853.4955878,7631698.4339998 12981892.047485,7631672.20034006 12981924.8552723)",
"LINESTRING (7629960.71482008 12979420.2037131,7629979.94017228 12979437.270868,7630052.18689382 12979505.4701851,7630045.06208109 12979524.153298,7630037.8068307 12979533.580349,7630025.73020652 12979540.723378,7630017.52847503 12979551.6715074,7630011.6493224 12979574.5207651,7629997.86501734 12979607.8056078,7629976.58597042 12979642.0034929,7629936.30681926 12979653.2066038,7629873.33856682 12979668.188682)",
"LINESTRING (7629878.6565597 12979368.4139967,7629910.8588254 12979384.5121871,7629939.88515629 12979403.8716642,7629960.71482008 12979420.2037131)",
"LINESTRING (7629867.77671715 12979242.2463253,7629841.55753242 12979312.6094773)",
"LINESTRING (7629841.55753242 12979312.6094773,7629828.19980583 12979348.4373175,7629825.5765508 12979355.4897585)",
"LINESTRING (7629780.02807614 12979051.5137202,7629783.81141174 12979069.8604976,7629815.44548645 12979187.0642991,7629809.92065683 12979235.8651731,7629814.66167992 12979257.9544139,7629854.31686607 12979295.3984915,7629873.4177899 12979310.1834547,7629892.93269532 12979334.5135101,7629910.26984799 12979358.6568116,7629921.04258071 12979372.8948459,7629923.38008826 12979392.3591652,7629907.92084484 12979441.3486467,7629903.53889408 12979473.4555935)",
"LINESTRING (7631672.20034006 12981924.8552723,7631218.34384243 12982471.2914995,7631192.93395916 12982508.7556855)",
"LINESTRING (7629903.53889408 12979473.4555935,7629883.05099083 12979560.800243)",
"LINESTRING (7629883.05099083 12979560.800243,7629879.78828235 12979574.7646376,7629885.50211166 12979602.69802,7629889.01919782 12979611.970073,7629891.84179771 12979619.4158946)",
"LINESTRING (7629891.84179771 12979619.4158946,7629902.99375452 12979632.1576069,7630113.34773351 12979756.4749596)",
"LINESTRING (7632481.21264243 12982046.7900743,7632557.1387148 12982101.8947133,7632510.3878653 12982166.3717757,7632434.46293492 12982111.2664923,7632481.21264243 12982046.7900743)",
"LINESTRING (7633474.03215209 12980449.0526506,7633386.80608616 12980433.3257761,7633276.29273548 12980433.8160792,7633229.86134812 12980445.3775281,7633196.02162617 12980469.8264242,7633159.76780027 12980513.5091228,7633140.72841311 12980550.2028857,7633132.70846967 12980582.8770082,7633129.10025223 12980617.7877768,7633133.16607633 12980655.7213789,7633145.3126325 12980693.6131835,7633166.89309576 12980729.2891469,7633205.73109013 12980767.1283112,7633233.21578701 12980785.233158,7633267.39213499 12980801.4511955,7633323.21580283 12980810.404215,7633375.78648098 12980797.1033872,7633432.56047814 12980773.7865696,7633484.00837224 12980725.9070564,7633540.81014787 12980663.1467532)",
"LINESTRING (7629416.58088025 12974499.8511765,7629561.33720309 12974575.2340707,7629935.83540228 12974713.4557877,7630260.65667054 12974846.750283,7630588.91846948 12974993.3485389,7631005.0890726 12975239.0297159,7631128.32063093 12975335.8169264,7631167.22175605 12975405.8172379,7631186.10714017 12975477.8299694,7631235.19103037 12975871.8906112,7631348.69222371 12976578.2696349,7631395.80214665 12976818.0960243,7631417.43567353 12977000.0735018,7631460.44437081 12977097.124486,7632523.9889499 12977712.7715961,7633614.18684801 12978385.4401868,7634638.69931196 12979025.245686,7635101.96400123 12979331.9821719,7635393.18527845 12979425.8659973,7635782.65083576 12979424.8347212)",
"LINESTRING (7630521.58671703 12979032.666143,7630618.42087782 12979294.2138098,7630676.80858511 12979451.9317656,7630761.46642375 12979594.7608694)",
"LINESTRING (7630500.12351374 12980850.7416207,7630862.52005275 12981245.1875667,7631537.82914097 12981892.679695,7631643.2995892 12981991.5356702,7632381.95638258 12982678.5222399,7632902.15421358 12983161.821123,7633073.88493806 12983320.5710494)",
"LINESTRING (7632482.66911959 12982741.3478732,7632916.54018725 12983141.7046259,7633156.40169205 12983361.4933428,7633222.68118699 12983416.3266307,7633238.50891113 12983428.9409435,7633396.27173409 12983559.9527924,7633633.38212338 12983740.144791,7633947.32234484 12983954.8652431,7634174.8319053 12984092.1796426,7634191.07032755 12984101.9776734,7634402.43557581 12984230.6330573)",
"LINESTRING (7629687.15169773 12979942.9284576,7629709.85754628 12979970.2090375,7629786.57641771 12980065.4876049,7629875.56514191 12980155.4427854,7630150.46463148 12980446.0322781,7630232.45672233 12980531.6053662)",
"LINESTRING (7630107.66406083 12980484.4922252,7629837.16462803 12980189.7802601)",
"LINESTRING (7630761.46642375 12979594.7608694,7630778.22246382 12979607.2212888,7631079.72119405 12979828.791545,7631269.22124885 12979968.0764544)",
"LINESTRING (7631075.13942141 12980665.9547164,7631099.21011733 12980548.0570632,7631128.67011672 12980344.3208601,7631184.59370711 12980146.8997556,7631255.90517324 12979991.9577113)",
"LINESTRING (7631862.93114054 12980441.1028351,7631489.9429018 12980166.541182,7631273.42842005 12980007.1583991,7631255.90517324 12979991.9577113)",
"LINESTRING (7631255.90517324 12979991.9577113,7631269.22124885 12979968.0764544)",
"LINESTRING (7630133.14908106 12977946.3781936,7630166.74914192 12977999.6691973,7630229.61923753 12978160.5978254,7630259.31365565 12978216.5866601,7630290.00711697 12978267.8479078,7630309.96517791 12978297.2884314,7630367.06758492 12978386.449587,7630414.91288837 12978444.4621968,7630501.8181855 12978531.6668421,7630557.13418595 12978582.1021975,7630578.3011584 12978599.8826212,7630605.25555067 12978622.543744,7630630.02799781 12978643.3581142)",
"LINESTRING (7630434.41404227 12978881.6059569,7630369.31291807 12978692.1168882,7630302.65127807 12978522.0479192)",
"LINESTRING (7630337.40322371 12978454.8230994,7630321.41481168 12978453.5069925,7630308.31594933 12978459.9218038,7630300.93331066 12978471.1538311,7630298.09805863 12978481.0321073,7630302.65127807 12978522.0479192)",
"LINESTRING (7630302.65127807 12978522.0479192,7630284.92260782 12978461.610581,7630278.04525046 12978424.0475356,7630272.90352621 12978391.7083912,7630274.16259212 12978368.5115855)",
"LINESTRING (7630434.41404227 12978881.6059569,7630534.47880379 12978631.3658379,7630557.13418595 12978582.1021975,7630585.77201183 12978519.8494026,7630673.2439099 12978329.6889435,7630746.77077182 12978175.8787032,7630783.57221335 12978085.9798029,7630860.44387876 12977903.5047737,7630914.83785114 12977781.895448)",
"LINESTRING (7630497.47962352 12978934.154488,7630521.58671703 12979032.666143)",
"LINESTRING (7630499.05804484 12979048.1735832,7630491.01026769 12979030.544743,7630478.34679861 12979023.4208101,7630465.65910053 12979025.6262204,7630452.51998783 12979031.3940486)",
"LINESTRING (7632095.4697397 12978968.9466299,7632114.33266336 12978897.3314793,7632166.26940881 12978850.4324453,7632225.93835392 12978841.7898956,7632286.72253938 12978856.7173919,7632348.30609818 12978916.9356868)",
"LINESTRING (7632765.51992781 12981786.6650548,7632812.27237517 12981815.7183568,7632835.30938177 12981826.536492,7632877.79548573 12981837.1339954,7632932.44020068 12981811.2962766,7632970.50373499 12981769.8359324,7633002.22935527 12981668.5081027)",
"LINESTRING (7632176.39132879 12980408.1230182,7632219.70691419 12980434.2879572,7632271.78786513 12980468.2453182,7632385.98876155 12980540.8443215,7632385.70272031 12980562.1166671,7632375.8601591 12980588.9583579)",
"LINESTRING (7632289.44254494 12980518.3059798,7632375.8601591 12980588.9583579,7632401.83837028 12980609.7255033,7632425.1288254 12980612.7225509,7632450.98235924 12980598.1636092,7632475.08514551 12980573.6179291,7632482.09997106 12980603.2986017,7632495.33246299 12980661.9193113,7632688.74686889 12981480.0328218,7632408.37312117 12981548.7467094,7632397.1858746 12981510.3556808,7632262.53404506 12981545.3252692,7632119.06176657 12981019.938722,7632137.54618522 12981012.2935965,7632081.40301769 12980801.0873477,7632289.44254494 12980518.3059798)",
"LINESTRING (7632375.8601591 12980588.9583579,7632401.83837028 12980609.7255033,7632425.1288254 12980612.7225509,7632450.98235924 12980598.1636092,7632475.08514551 12980573.6179291)",
"LINESTRING (7631916.38061637 12979537.45793,7631907.42195524 12979551.2195884,7631776.35884635 12979752.3745637,7631548.25867787 12980086.7985002,7631505.23386211 12980145.6211418,7631489.9429018 12980166.541182,7631332.39768464 12980381.9739819,7631283.72366732 12980482.3379989,7631246.97217045 12980622.9897013,7631240.03363666 12980693.8669757,7631236.85284633 12980726.4134341,7631257.56795127 12980831.7306956,7631301.12729291 12980952.6652539,7631351.58859857 12981045.142922,7631412.01230432 12981109.6725537,7631507.73589297 12981193.6347303,7631567.49260646 12981247.3287996,7631634.92661727 12981330.83489,7631721.40320036 12981487.4978221,7631810.20186678 12981758.6975341,7631861.5196559 12981930.2818724,7631914.47404645 12982038.1736211,7631984.20446515 12982114.909016,7631990.86278269 12982123.3537764,7631994.94945628 12982128.5569179,7632096.57125371 12982208.9420626,7632179.79129709 12982236.1659141,7632245.76969776 12982228.0673709,7632308.22314923 12982200.5032113,7632380.62212781 12982124.9658321,7632517.52651251 12981950.2307569,7632551.61588032 12981915.6519111,7632602.37740186 12981893.0375923,7632779.44533257 12981842.2811767)",
"LINESTRING (7632109.2674428 12982008.1705938,7631990.86278269 12982123.3537764,7631907.18759757 12982204.7361315)",
"LINESTRING (7631693.4553794 12979281.9212921,7631722.64212484 12979301.9243989,7631849.05237655 12979381.6553936,7631907.45342136 12979411.6545987,7632001.192788 12979449.4665498,7632055.55773028 12979474.4299504,7632072.99749633 12979493.458283,7632076.97895746 12979514.366101,7632075.64983226 12979533.3836025,7632046.32952431 12979585.2294735,7632023.85030993 12979596.5728658,7631999.78320009 12979598.1273632,7631975.69890067 12979587.7230593,7631934.89721112 12979551.3144394,7631916.38061637 12979537.45793,7631806.16068524 12979454.9992473,7631677.84433856 12979375.8513229,7631647.59704805 12979358.0144495)",
"LINESTRING (7631376.45138273 12979192.6372696,7631357.93549717 12979222.0829843,7631326.20395406 12979251.3531763,7631263.10562647 12979309.5542705,7631225.36451998 12979383.9438907,7631210.14602699 12979438.9370996,7631210.25618476 12979506.8777278,7631209.91730409 12979580.6448141,7631195.34375971 12979640.1291779,7631193.5716316 12979647.374167,7631161.10342727 12979726.6466792,7631079.72119405 12979828.791545,7631062.80693117 12979850.0180727,7631011.51942051 12979914.3945589,7630949.09948033 12980030.7288024,7630919.99276185 12980114.3715003,7630914.25880913 12980130.8529371,7630900.45663422 12980206.4201071,7630896.88136284 12980284.3763658,7630910.85002094 12980382.9194368,7630912.77006757 12980396.4952283,7630952.65044364 12980476.8702655,7630998.84672413 12980520.8307501)",
"LINESTRING (7632079.67151054 12978902.230385,7632056.96566818 12978905.501009,7631939.08683973 12978915.8308949,7631886.92997051 12978910.6947363,7631865.40037378 12978913.8482734,7631853.59615579 12978915.5887745,7631829.45234454 12978924.257778,7631787.1235946 12978943.4362571,7631763.26130918 12978978.0762801,7631728.48346673 12979001.5361178,7631697.34965263 12979015.1649588,7631670.08845932 12979022.4968951,7631637.79941679 12979026.4563104,7631596.18390927 12979023.9171306,7631565.43787184 12979020.7147153,7631525.82931647 12979023.8515599,7631488.32476703 12979036.8702438,7631472.05770358 12979056.0706971,7631449.75645749 12979078.6589165,7631429.70177298 12979104.9055471)",
"LINESTRING (7631429.70177298 12979104.9055471,7631376.45138273 12979192.6372696)",
"LINESTRING (7631203.19693333 12980672.6534982,7631240.03363666 12980693.8669757)",
"LINESTRING (7630998.84672413 12980520.8307501,7631203.19693333 12980672.6534982)",
"LINESTRING (7631326.20395406 12979251.3531763,7631300.81352906 12979241.7762723,7631261.54495408 12979214.5782248,7631213.80043032 12979174.8346815,7631150.55907559 12979111.2072542,7631122.34991521 12979088.8926414,7631086.70942924 12979076.5388281)",
"LINESTRING (7631131.63291302 12979000.6667291,7631118.22632443 12979032.0074171,7631099.72885369 12979061.4248529,7631086.70942924 12979076.5388281,7631070.40300239 12979091.5110394,7631057.5865066 12979103.2842979,7631041.44664796 12979125.8965682,7631032.00717649 12979160.3265502,7631023.94342202 12979207.3318897,7631030.70965462 12979235.036683,7631033.04399336 12979257.6670162,7631040.7147611 12979289.3075051,7631036.94590069 12979308.8760328,7631027.06305428 12979330.8965213,7631009.91539066 12979356.9705012,7630987.85404613 12979371.5462382,7630977.19972391 12979378.0695697,7630934.30414276 12979404.2909146,7630859.35906195 12979440.3988005,7630815.0736274 12979450.0966133,7630792.90710419 12979444.8785615,7630772.65204121 12979428.4331473,7630754.45252031 12979395.706504,7630730.78702886 12979348.5763233,7630718.94643061 12979296.1609535,7630721.4153124 12979272.0166616,7630728.19362359 12979255.9795491,7630732.96849065 12979244.6874778,7630748.55730391 12979225.1254612,7630773.45695582 12979211.6947588,7630794.53394848 12979191.8915589,7630809.51835692 12979171.3503358,7630826.4941823 12979128.4590729,7630833.3378778 12979081.3939706,7630843.17465487 12979049.3040415,7630856.09328244 12979031.9051815,7630876.89514504 12979019.9187122,7630913.2486883 12979025.5567927,7630958.11479864 12979053.8237199,7630987.18006357 12979081.5694069,7631006.87183431 12979094.0637798,7631030.91958933 12979100.0167646,7631051.66005891 12979096.3569677,7631070.40300239 12979091.5110394)",
"LINESTRING (7630977.19972391 12979378.0695697,7630998.68373075 12979385.2364025,7631013.40842452 12979392.7013082,7631027.17076672 12979405.5781671,7631053.45284499 12979426.7339757,7631077.52528931 12979445.8745736,7631100.15486699 12979460.3491035,7631113.20513018 12979471.746874,7631116.85371096 12979486.3775972,7631110.21688815 12979522.9298403,7631104.32089424 12979577.5800027,7631107.79257969 12979589.7644071,7631120.42814945 12979597.0418258,7631138.77490171 12979600.9195535,7631154.18922332 12979607.0994015,7631170.15259753 12979614.8079782,7631195.34375971 12979640.1291779)",
"LINESTRING (7630876.89514504 12979019.9187122,7630851.99195084 12979013.9234495,7630827.38486308 12978999.6152627,7630800.31728021 12978977.2766618,7630788.96843308 12978947.36394,7630775.86117576 12978905.2419715,7630762.10824617 12978884.1586998,7630752.40401147 12978865.8576631,7630730.89242407 12978844.6586122,7630712.30278057 12978836.5998556,7630692.3925523 12978837.6858852,7630661.20745951 12978842.2524147,7630624.00195196 12978866.001699,7630593.40720618 12978896.1799451,7630581.19918055 12978914.848522,7630572.83158905 12978931.1018613,7630574.05670219 12978984.238218,7630594.67973201 12979027.0410785,7630622.19669217 12979097.3063105,7630628.58331585 12979132.8178667,7630649.11258028 12979158.3249621,7630673.92680582 12979181.1283515,7630688.25763337 12979192.7000314,7630710.74068699 12979230.0304109,7630728.19362359 12979255.9795491)",
"LINESTRING (7631908.76671334 12978180.4876964,7631837.29695353 12978202.7274443,7631798.27340358 12978206.950329,7631761.70816402 12978202.9983615,7631723.03654103 12978195.8712191,7631669.57703411 12978202.6287479,7631616.11810771 12978227.5486313,7631596.99889264 12978236.4788869,7631566.77381263 12978275.2236765,7631546.3289856 12978308.3498705,7631523.58171533 12978353.7979745,7631498.33457941 12978385.0679946,7631451.85276686 12978446.6171618,7631426.11892168 12978503.9235628,7631418.9676154 12978536.9885739,7631420.99945609 12978589.1608629,7631425.44204059 12978627.9859321,7631432.29996319 12978677.1500835,7631433.0390311 12978708.4155663,7631423.15660663 12978722.9571949,7631391.82533236 12978751.2714785,7631357.51881101 12978760.5703792,7631321.65706966 12978766.6596106,7631302.45122255 12978784.2385568,7631276.85325033 12978821.8831826,7631267.23059788 12978866.2234237,7631273.76870612 12978897.3841937,7631285.33746064 12978925.7768151,7631312.14363849 12978952.5120019,7631348.99759715 12978976.0386282,7631380.99960775 12978986.9379202,7631409.13622273 12978990.3266083,7631454.85132502 12978999.7503309,7631464.06481247 12979010.1542014,7631488.32476703 12979036.8702438)",
"LINESTRING (7630919.99276185 12980114.3715003,7630882.26850286 12980096.9629922,7630860.95516555 12980075.1634585,7630841.19201622 12980062.1110599,7630807.9644663 12980039.2854358,7630773.18372159 12980036.2208032,7630732.88812027 12980037.3743954,7630714.120672 12980024.8851807,7630711.52228633 12980002.5787515,7630728.62711433 12979966.2289164,7630739.55601227 12979928.0332434,7630735.48685348 12979896.7095298,7630722.00716074 12979883.3094643,7630701.73035164 12979873.7067627,7630681.79928053 12979875.2478045,7630639.07265584 12979920.9021063,7630596.7968761 12979947.1837967,7630545.59770933 12979998.1916033,7630456.58040672 12980083.7356681,7630441.9496985 12980132.9099117,7630455.40964253 12980160.7319651,7630479.09247743 12980183.0455579,7630511.86386822 12980216.0654545,7630546.93073814 12980231.5017366,7630583.89408778 12980235.1354478,7630618.55603386 12980240.1632011,7630642.27996114 12980245.7512439,7630655.2546862 12980257.1614052,7630675.07134914 12980272.679005,7630717.10422641 12980288.2674068,7630752.31776217 12980290.5667027,7630777.60521779 12980287.4043256,7630805.24355528 12980293.864317,7630840.41972433 12980362.5841825,7630871.40017605 12980381.4699454,7630910.85002094 12980382.9194368)",
